feature,importance_treatment,importance_control,mean_abs_shap
loyalty_score,0.6514343,0.8909516,1.5423858
age,0.24017508,0.026850117,0.2670252
region_US,0.03507047,0.030749649,0.06582012
income,0.038126387,0.025935972,0.06406236
region_EU,0.035193756,0.025512684,0.06070644
